batch_id,campaign_id,property_code
pilot10_20260929,owner_price_sucre_wave1_20260928,16469
pilot10_20260929,owner_price_sucre_wave1_20260928,16479
pilot10_20260929,owner_price_sucre_wave1_20260928,16486
pilot10_20260929,owner_price_sucre_wave1_20260928,16492
pilot10_20260929,owner_price_sucre_wave1_20260928,16520
pilot10_20260929,owner_price_sucre_wave1_20260928,16521
pilot10_20260929,owner_price_sucre_wave1_20260928,16523
pilot10_20260929,owner_price_sucre_wave1_20260928,16527
pilot10_20260929,owner_price_sucre_wave1_20260928,16533
pilot10_20260929,owner_price_sucre_wave1_20260928,16548
